{
    "learning_rate": 0.0008023980923419233,
    "n_steps": 2048,
    "batch_size": 256,
    "gamma": 0.9667341642131806,
    "ent_coef": 0.04211687501397162,
    "clip_range": 0.1,
    "net_arch": "medium",
    "_study_name": "ppo-tuning-1D-1743553682",
    "_best_trial_number": 36,
    "_best_value": 85255.56104965211
}