{
    "learning_rate": 0.00030711041478089223,
    "n_steps": 2048,
    "batch_size": 32,
    "gamma": 0.9796746363822088,
    "ent_coef": 0.09060761202344225,
    "clip_range": 0.2,
    "net_arch": "medium",
    "_study_name": "ppo-tuning-1D-1743545081",
    "_best_trial_number": 25,
    "_best_value": 92972.69213411331
}