{
    "learning_rate": 0.0009526964639655701,
    "n_steps": 2048,
    "batch_size": 32,
    "gamma": 0.9245929633368556,
    "ent_coef": 0.04214510892354281,
    "clip_range": 0.2,
    "_study_name": "ppo-tuning-1D-1743461869",
    "_best_trial_number": 16,
    "_best_value": 90508.88236926078
}