{
    "learning_rate": 0.0007195210047453748,
    "n_steps": 2048,
    "batch_size": 32,
    "gamma": 0.9469609138043148,
    "ent_coef": 0.018547891108303564,
    "clip_range": 0.3,
    "net_arch": "medium",
    "_study_name": "ppo-tuning-1D-1744080357",
    "_window_train_start": null,
    "_window_train_end": null,
    "_best_trial_number": 24,
    "_best_value": 250136.12548938752
}